user_id,date,time_min,value
smcfb.01.183,2024-02-14,13:49:00,75
smcfb.01.183,2024-02-14,13:50:00,80
smcfb.01.183,2024-02-14,13:51:00,84
smcfb.01.183,2024-02-14,13:52:00,84
smcfb.01.183,2024-02-14,13:53:00,79
smcfb.01.183,2024-02-14,13:54:00,80
smcfb.01.183,2024-02-14,13:55:00,87
smcfb.01.183,2024-02-14,13:56:00,83
smcfb.01.183,2024-02-14,13:57:00,79
smcfb.01.183,2024-02-14,13:58:00,78
smcfb.01.183,2024-02-14,13:59:00,78
smcfb.01.183,2024-02-14,14:00:00,77
smcfb.01.183,2024-02-14,14:01:00,76
smcfb.01.183,2024-02-14,14:02:00,76
smcfb.01.183,2024-02-14,14:03:00,75
smcfb.01.183,2024-02-14,14:04:00,76
smcfb.01.183,2024-02-14,14:05:00,79
smcfb.01.183,2024-02-14,14:06:00,83
smcfb.01.183,2024-02-14,14:07:00,79
smcfb.01.183,2024-02-14,14:08:00,78
smcfb.01.183,2024-02-14,14:09:00,79
smcfb.01.183,2024-02-14,14:10:00,77
smcfb.01.183,2024-02-14,14:11:00,78
smcfb.01.183,2024-02-14,14:12:00,78
smcfb.01.183,2024-02-14,14:13:00,78
smcfb.01.183,2024-02-14,14:14:00,78
smcfb.01.183,2024-02-14,14:15:00,78
smcfb.01.183,2024-02-14,14:16:00,80
smcfb.01.183,2024-02-14,14:17:00,78
smcfb.01.183,2024-02-14,14:18:00,77
smcfb.01.183,2024-02-14,14:19:00,70
smcfb.01.183,2024-02-14,14:20:00,76
smcfb.01.183,2024-02-14,14:21:00,76
smcfb.01.183,2024-02-14,14:22:00,80
smcfb.01.183,2024-02-14,14:23:00,82
smcfb.01.183,2024-02-14,14:24:00,88
smcfb.01.183,2024-02-14,14:25:00,98
smcfb.01.183,2024-02-14,14:26:00,93
smcfb.01.183,2024-02-14,14:27:00,88
smcfb.01.183,2024-02-14,14:28:00,85
smcfb.01.183,2024-02-14,14:29:00,79
smcfb.01.183,2024-02-14,14:30:00,78
smcfb.01.183,2024-02-14,14:31:00,86
smcfb.01.183,2024-02-14,14:32:00,82
smcfb.01.183,2024-02-14,14:33:00,80
smcfb.01.183,2024-02-14,14:34:00,85
smcfb.01.183,2024-02-14,14:35:00,94
smcfb.01.183,2024-02-14,14:36:00,93
smcfb.01.183,2024-02-14,14:37:00,86
smcfb.01.183,2024-02-14,14:38:00,94
smcfb.01.183,2024-02-14,14:39:00,93
smcfb.01.183,2024-02-14,14:40:00,86
smcfb.01.183,2024-02-14,14:41:00,77
smcfb.01.183,2024-02-14,14:42:00,73
smcfb.01.183,2024-02-14,14:43:00,72
smcfb.01.183,2024-02-14,14:44:00,71
smcfb.01.183,2024-02-14,14:45:00,71
smcfb.01.183,2024-02-14,14:46:00,73
smcfb.01.183,2024-02-14,14:47:00,77
smcfb.01.183,2024-02-14,14:48:00,73
smcfb.01.183,2024-02-14,14:49:00,71
smcfb.01.183,2024-02-14,14:50:00,71
smcfb.01.183,2024-02-14,14:51:00,74
smcfb.01.183,2024-02-14,14:52:00,74
smcfb.01.183,2024-02-14,14:53:00,72
smcfb.01.183,2024-02-14,14:54:00,71
smcfb.01.183,2024-02-14,14:55:00,71
smcfb.01.183,2024-02-14,14:56:00,71
smcfb.01.183,2024-02-14,14:57:00,71
smcfb.01.183,2024-02-14,14:58:00,70
smcfb.01.183,2024-02-14,14:59:00,70
smcfb.01.183,2024-02-14,15:00:00,70
smcfb.01.183,2024-02-14,15:01:00,72
smcfb.01.183,2024-02-14,15:02:00,75
smcfb.01.183,2024-02-14,15:03:00,73
smcfb.01.183,2024-02-14,15:04:00,71
smcfb.01.183,2024-02-14,15:05:00,71
smcfb.01.183,2024-02-14,15:06:00,72
smcfb.01.183,2024-02-14,15:07:00,71
smcfb.01.183,2024-02-14,15:08:00,71
smcfb.01.183,2024-02-14,15:09:00,70
smcfb.01.183,2024-02-14,15:10:00,71
smcfb.01.183,2024-02-14,15:11:00,69
smcfb.01.183,2024-02-14,15:12:00,69
smcfb.01.183,2024-02-14,15:13:00,69
smcfb.01.183,2024-02-14,15:14:00,70
smcfb.01.183,2024-02-14,15:15:00,69
smcfb.01.183,2024-02-14,15:16:00,69
smcfb.01.183,2024-02-14,15:17:00,69
smcfb.01.183,2024-02-14,15:18:00,69
smcfb.01.183,2024-02-14,15:19:00,69
smcfb.01.183,2024-02-14,15:20:00,69
smcfb.01.183,2024-02-14,15:21:00,69
smcfb.01.183,2024-02-14,15:22:00,69
smcfb.01.183,2024-02-14,15:23:00,70
smcfb.01.183,2024-02-14,15:24:00,69
smcfb.01.183,2024-02-14,15:25:00,70
smcfb.01.183,2024-02-14,15:26:00,70
smcfb.01.183,2024-02-14,15:27:00,68
smcfb.01.183,2024-02-14,15:28:00,70
smcfb.01.183,2024-02-14,15:29:00,68
smcfb.01.183,2024-02-14,15:30:00,71
smcfb.01.183,2024-02-14,15:31:00,70
smcfb.01.183,2024-02-14,15:32:00,69
smcfb.01.183,2024-02-14,15:33:00,69
smcfb.01.183,2024-02-14,15:34:00,70
smcfb.01.183,2024-02-14,15:35:00,72
smcfb.01.183,2024-02-14,15:36:00,70
smcfb.01.183,2024-02-14,15:37:00,69
smcfb.01.183,2024-02-14,15:38:00,69
smcfb.01.183,2024-02-14,15:39:00,68
smcfb.01.183,2024-02-14,15:40:00,68
smcfb.01.183,2024-02-14,15:41:00,69
smcfb.01.183,2024-02-14,15:42:00,69
smcfb.01.183,2024-02-14,15:43:00,68
smcfb.01.183,2024-02-14,15:44:00,68
smcfb.01.183,2024-02-14,15:45:00,68
smcfb.01.183,2024-02-14,15:46:00,68
smcfb.01.183,2024-02-14,15:47:00,68
smcfb.01.183,2024-02-14,15:48:00,68
smcfb.01.183,2024-02-14,15:49:00,68
smcfb.01.183,2024-02-14,15:50:00,68
smcfb.01.183,2024-02-14,15:51:00,68
smcfb.01.183,2024-02-14,15:52:00,68
smcfb.01.183,2024-02-14,15:53:00,69
smcfb.01.183,2024-02-14,15:54:00,68
smcfb.01.183,2024-02-14,15:55:00,68
smcfb.01.183,2024-02-14,15:56:00,68
smcfb.01.183,2024-02-14,15:57:00,68
smcfb.01.183,2024-02-14,15:58:00,67
smcfb.01.183,2024-02-14,15:59:00,65
smcfb.01.183,2024-02-14,16:00:00,69
smcfb.01.183,2024-02-14,16:01:00,74
smcfb.01.183,2024-02-14,16:02:00,71
smcfb.01.183,2024-02-14,16:03:00,69
smcfb.01.183,2024-02-14,16:04:00,70
smcfb.01.183,2024-02-14,16:05:00,70
smcfb.01.183,2024-02-14,16:06:00,70
smcfb.01.183,2024-02-14,16:07:00,69
smcfb.01.183,2024-02-14,16:08:00,69
smcfb.01.183,2024-02-14,16:09:00,70
smcfb.01.183,2024-02-14,16:10:00,69
smcfb.01.183,2024-02-14,16:11:00,70
smcfb.01.183,2024-02-14,16:12:00,77
smcfb.01.183,2024-02-14,16:13:00,78
smcfb.01.183,2024-02-14,16:14:00,72
smcfb.01.183,2024-02-14,16:15:00,75
smcfb.01.183,2024-02-14,16:16:00,74
smcfb.01.183,2024-02-14,16:17:00,72
smcfb.01.183,2024-02-14,16:18:00,70
smcfb.01.183,2024-02-14,16:19:00,71
smcfb.01.183,2024-02-14,16:20:00,70
smcfb.01.183,2024-02-14,16:21:00,72
smcfb.01.183,2024-02-14,16:22:00,73
smcfb.01.183,2024-02-14,16:23:00,72
smcfb.01.183,2024-02-14,16:24:00,71
smcfb.01.183,2024-02-14,16:25:00,74
smcfb.01.183,2024-02-14,16:26:00,72
smcfb.01.183,2024-02-14,16:27:00,68
smcfb.01.183,2024-02-14,16:28:00,69
smcfb.01.183,2024-02-14,16:29:00,67
smcfb.01.183,2024-02-14,16:30:00,67
smcfb.01.183,2024-02-14,16:31:00,67
smcfb.01.183,2024-02-14,16:32:00,67
smcfb.01.183,2024-02-14,16:33:00,67
smcfb.01.183,2024-02-14,16:34:00,66
smcfb.01.183,2024-02-14,16:35:00,65
smcfb.01.183,2024-02-14,16:36:00,65
smcfb.01.183,2024-02-14,16:37:00,66
smcfb.01.183,2024-02-14,16:38:00,66
smcfb.01.183,2024-02-14,16:39:00,66
smcfb.01.183,2024-02-14,16:40:00,67
smcfb.01.183,2024-02-14,16:41:00,65
smcfb.01.183,2024-02-14,16:42:00,66
smcfb.01.183,2024-02-14,16:43:00,65
smcfb.01.183,2024-02-14,16:44:00,67
smcfb.01.183,2024-02-14,16:45:00,67
smcfb.01.183,2024-02-14,16:46:00,75
smcfb.01.183,2024-02-14,16:47:00,73
smcfb.01.183,2024-02-14,16:48:00,70
smcfb.01.183,2024-02-14,16:49:00,69
smcfb.01.183,2024-02-14,16:50:00,70
smcfb.01.183,2024-02-14,16:51:00,69
smcfb.01.183,2024-02-14,16:52:00,68
smcfb.01.183,2024-02-14,16:53:00,67
smcfb.01.183,2024-02-14,16:54:00,68
smcfb.01.183,2024-02-14,16:55:00,68
smcfb.01.183,2024-02-14,16:56:00,75
smcfb.01.183,2024-02-14,16:57:00,80
smcfb.01.183,2024-02-14,16:58:00,85
smcfb.01.183,2024-02-14,16:59:00,79
smcfb.01.183,2024-02-14,17:00:00,75
smcfb.01.183,2024-02-14,17:01:00,72
smcfb.01.183,2024-02-14,17:02:00,73
smcfb.01.183,2024-02-14,17:03:00,72
smcfb.01.183,2024-02-14,17:04:00,73
smcfb.01.183,2024-02-14,17:05:00,76
smcfb.01.183,2024-02-14,17:06:00,79
smcfb.01.183,2024-02-14,17:07:00,79
smcfb.01.183,2024-02-14,17:08:00,77
smcfb.01.183,2024-02-14,17:09:00,78
smcfb.01.183,2024-02-14,17:10:00,79
smcfb.01.183,2024-02-14,17:11:00,74
smcfb.01.183,2024-02-14,17:12:00,70
smcfb.01.183,2024-02-14,17:13:00,70
smcfb.01.183,2024-02-14,17:14:00,71
smcfb.01.183,2024-02-14,17:15:00,71
smcfb.01.183,2024-02-14,17:16:00,70
smcfb.01.183,2024-02-14,17:17:00,69
smcfb.01.183,2024-02-14,17:18:00,70
smcfb.01.183,2024-02-14,17:19:00,70
smcfb.01.183,2024-02-14,17:20:00,72
smcfb.01.183,2024-02-14,17:21:00,72
smcfb.01.183,2024-02-14,17:22:00,71
smcfb.01.183,2024-02-14,17:23:00,72
smcfb.01.183,2024-02-14,17:24:00,74
smcfb.01.183,2024-02-14,17:25:00,73
smcfb.01.183,2024-02-14,17:26:00,74
smcfb.01.183,2024-02-14,17:27:00,75
smcfb.01.183,2024-02-14,17:28:00,74
smcfb.01.183,2024-02-14,17:29:00,75
smcfb.01.183,2024-02-14,17:30:00,75
smcfb.01.183,2024-02-14,17:31:00,74
smcfb.01.183,2024-02-14,17:32:00,75
smcfb.01.183,2024-02-14,17:33:00,75
smcfb.01.183,2024-02-14,17:34:00,76
smcfb.01.183,2024-02-14,17:35:00,78
smcfb.01.183,2024-02-14,17:36:00,78
smcfb.01.183,2024-02-14,17:37:00,78
smcfb.01.183,2024-02-14,17:38:00,77
smcfb.01.183,2024-02-14,17:39:00,77
smcfb.01.183,2024-02-14,17:40:00,78
smcfb.01.183,2024-02-14,17:41:00,79
smcfb.01.183,2024-02-14,17:42:00,79
smcfb.01.183,2024-02-14,17:43:00,79
smcfb.01.183,2024-02-14,17:44:00,80
smcfb.01.183,2024-02-14,17:45:00,79
smcfb.01.183,2024-02-14,17:46:00,78
smcfb.01.183,2024-02-14,17:47:00,78
smcfb.01.183,2024-02-14,17:48:00,78
smcfb.01.183,2024-02-14,17:49:00,78
smcfb.01.183,2024-02-14,17:50:00,76
smcfb.01.183,2024-02-14,17:51:00,76
smcfb.01.183,2024-02-14,17:52:00,78
smcfb.01.183,2024-02-14,17:53:00,80
smcfb.01.183,2024-02-14,17:54:00,80
smcfb.01.183,2024-02-14,17:55:00,80
smcfb.01.183,2024-02-14,17:56:00,79
smcfb.01.183,2024-02-14,17:57:00,79
smcfb.01.183,2024-02-14,17:58:00,80
smcfb.01.183,2024-02-14,17:59:00,78
smcfb.01.183,2024-02-14,18:00:00,76
smcfb.01.183,2024-02-14,18:01:00,87
smcfb.01.183,2024-02-14,18:02:00,90
smcfb.01.183,2024-02-14,18:03:00,79
smcfb.01.183,2024-02-14,18:04:00,76
smcfb.01.183,2024-02-14,18:05:00,75
smcfb.01.183,2024-02-14,18:06:00,75
smcfb.01.183,2024-02-14,18:07:00,75
smcfb.01.183,2024-02-14,18:08:00,76
smcfb.01.183,2024-02-14,18:09:00,77
smcfb.01.183,2024-02-14,18:10:00,79
smcfb.01.183,2024-02-14,18:11:00,79
smcfb.01.183,2024-02-14,18:12:00,78
smcfb.01.183,2024-02-14,18:13:00,85
smcfb.01.183,2024-02-14,18:14:00,99
smcfb.01.183,2024-02-14,18:15:00,86
smcfb.01.183,2024-02-14,18:16:00,80
smcfb.01.183,2024-02-14,18:17:00,79
smcfb.01.183,2024-02-14,18:18:00,79
smcfb.01.183,2024-02-14,18:19:00,77
smcfb.01.183,2024-02-14,18:20:00,77
smcfb.01.183,2024-02-14,18:21:00,79
smcfb.01.183,2024-02-14,18:22:00,78
smcfb.01.183,2024-02-14,18:23:00,78
smcfb.01.183,2024-02-14,18:24:00,79
smcfb.01.183,2024-02-14,18:25:00,81
smcfb.01.183,2024-02-14,18:26:00,85
smcfb.01.183,2024-02-14,18:27:00,95
smcfb.01.183,2024-02-14,18:28:00,84
smcfb.01.183,2024-02-14,18:29:00,81
smcfb.01.183,2024-02-14,18:30:00,80
smcfb.01.183,2024-02-14,18:31:00,79
smcfb.01.183,2024-02-14,18:32:00,81
smcfb.01.183,2024-02-14,18:33:00,79
smcfb.01.183,2024-02-14,18:34:00,79
smcfb.01.183,2024-02-14,18:35:00,77
smcfb.01.183,2024-02-14,18:36:00,77
smcfb.01.183,2024-02-14,18:37:00,78
smcfb.01.183,2024-02-14,18:38:00,78
smcfb.01.183,2024-02-14,18:39:00,79
smcfb.01.183,2024-02-14,18:40:00,80
smcfb.01.183,2024-02-14,18:41:00,80
smcfb.01.183,2024-02-14,18:42:00,78
smcfb.01.183,2024-02-14,18:43:00,79
smcfb.01.183,2024-02-14,18:44:00,82
smcfb.01.183,2024-02-14,18:45:00,90
smcfb.01.183,2024-02-14,18:46:00,93
smcfb.01.183,2024-02-14,18:47:00,86
smcfb.01.183,2024-02-14,18:48:00,80
smcfb.01.183,2024-02-14,18:49:00,79
smcfb.01.183,2024-02-14,18:50:00,78
smcfb.01.183,2024-02-14,18:51:00,78
smcfb.01.183,2024-02-14,18:52:00,79
smcfb.01.183,2024-02-14,18:53:00,78
smcfb.01.183,2024-02-14,18:54:00,79
smcfb.01.183,2024-02-14,18:55:00,79
smcfb.01.183,2024-02-14,18:56:00,79
smcfb.01.183,2024-02-14,18:57:00,80
smcfb.01.183,2024-02-14,18:58:00,81
smcfb.01.183,2024-02-14,18:59:00,81
smcfb.01.183,2024-02-14,19:00:00,80
smcfb.01.183,2024-02-14,19:01:00,79
smcfb.01.183,2024-02-14,19:02:00,79
smcfb.01.183,2024-02-14,19:03:00,80
smcfb.01.183,2024-02-14,19:04:00,79
smcfb.01.183,2024-02-14,19:05:00,79
smcfb.01.183,2024-02-14,19:06:00,78
smcfb.01.183,2024-02-14,19:07:00,77
smcfb.01.183,2024-02-14,19:08:00,78
smcfb.01.183,2024-02-14,19:09:00,82
smcfb.01.183,2024-02-14,19:10:00,91
smcfb.01.183,2024-02-14,19:11:00,97
smcfb.01.183,2024-02-14,19:12:00,85
smcfb.01.183,2024-02-14,19:13:00,77
smcfb.01.183,2024-02-14,19:14:00,79
smcfb.01.183,2024-02-14,19:15:00,78
smcfb.01.183,2024-02-14,19:16:00,78
smcfb.01.183,2024-02-14,19:17:00,77
smcfb.01.183,2024-02-14,19:18:00,77
smcfb.01.183,2024-02-14,19:19:00,77
smcfb.01.183,2024-02-14,19:20:00,77
smcfb.01.183,2024-02-14,19:21:00,76
smcfb.01.183,2024-02-14,19:22:00,77
smcfb.01.183,2024-02-14,19:23:00,76
smcfb.01.183,2024-02-14,19:24:00,76
smcfb.01.183,2024-02-14,19:25:00,86
smcfb.01.183,2024-02-14,19:26:00,83
smcfb.01.183,2024-02-14,19:27:00,81
smcfb.01.183,2024-02-14,19:28:00,78
smcfb.01.183,2024-02-14,19:29:00,77
smcfb.01.183,2024-02-14,19:30:00,77
smcfb.01.183,2024-02-14,19:31:00,76
smcfb.01.183,2024-02-14,19:32:00,76
smcfb.01.183,2024-02-14,19:33:00,77
smcfb.01.183,2024-02-14,19:34:00,75
smcfb.01.183,2024-02-14,19:35:00,74
smcfb.01.183,2024-02-14,19:36:00,74
smcfb.01.183,2024-02-14,19:37:00,77
smcfb.01.183,2024-02-14,19:38:00,75
smcfb.01.183,2024-02-14,19:39:00,75
smcfb.01.183,2024-02-14,19:40:00,75
smcfb.01.183,2024-02-14,19:41:00,76
smcfb.01.183,2024-02-14,19:42:00,76
smcfb.01.183,2024-02-14,19:43:00,77
smcfb.01.183,2024-02-14,19:44:00,89
smcfb.01.183,2024-02-14,19:45:00,91
smcfb.01.183,2024-02-14,19:46:00,80
smcfb.01.183,2024-02-14,19:47:00,75
smcfb.01.183,2024-02-14,19:48:00,74
smcfb.01.183,2024-02-14,19:49:00,75
smcfb.01.183,2024-02-14,19:50:00,73
smcfb.01.183,2024-02-14,19:51:00,73
smcfb.01.183,2024-02-14,19:52:00,74
smcfb.01.183,2024-02-14,19:53:00,74
smcfb.01.183,2024-02-14,19:54:00,75
smcfb.01.183,2024-02-14,19:55:00,75
smcfb.01.183,2024-02-14,19:56:00,74
smcfb.01.183,2024-02-14,19:57:00,73
smcfb.01.183,2024-02-14,19:58:00,74
smcfb.01.183,2024-02-14,19:59:00,75
smcfb.01.183,2024-02-14,20:00:00,74
smcfb.01.183,2024-02-14,20:01:00,75
smcfb.01.183,2024-02-14,20:02:00,74
smcfb.01.183,2024-02-14,20:03:00,80
smcfb.01.183,2024-02-14,20:04:00,80
smcfb.01.183,2024-02-14,20:05:00,76
smcfb.01.183,2024-02-14,20:06:00,74
smcfb.01.183,2024-02-14,20:07:00,73
smcfb.01.183,2024-02-14,20:08:00,72
smcfb.01.183,2024-02-14,20:09:00,72
smcfb.01.183,2024-02-14,20:10:00,73
smcfb.01.183,2024-02-14,20:11:00,74
smcfb.01.183,2024-02-14,20:12:00,74
smcfb.01.183,2024-02-14,20:13:00,72
smcfb.01.183,2024-02-14,20:14:00,73
smcfb.01.183,2024-02-14,20:15:00,74
smcfb.01.183,2024-02-14,20:16:00,72
smcfb.01.183,2024-02-14,20:17:00,73
smcfb.01.183,2024-02-14,20:18:00,73
smcfb.01.183,2024-02-14,20:19:00,73
smcfb.01.183,2024-02-14,20:20:00,74
smcfb.01.183,2024-02-14,20:21:00,74
smcfb.01.183,2024-02-14,20:22:00,72
smcfb.01.183,2024-02-14,20:23:00,75
smcfb.01.183,2024-02-14,20:24:00,84
smcfb.01.183,2024-02-14,20:25:00,87
smcfb.01.183,2024-02-14,20:26:00,77
smcfb.01.183,2024-02-14,20:27:00,77
smcfb.01.183,2024-02-14,20:28:00,77
smcfb.01.183,2024-02-14,20:29:00,84
smcfb.01.183,2024-02-14,20:30:00,89
smcfb.01.183,2024-02-14,20:31:00,80
smcfb.01.183,2024-02-14,20:32:00,79
smcfb.01.183,2024-02-14,20:33:00,76
smcfb.01.183,2024-02-14,20:34:00,76
smcfb.01.183,2024-02-14,20:35:00,76
smcfb.01.183,2024-02-14,20:36:00,76
smcfb.01.183,2024-02-14,20:37:00,76
smcfb.01.183,2024-02-14,20:38:00,75
smcfb.01.183,2024-02-14,20:39:00,75
smcfb.01.183,2024-02-14,20:40:00,75
smcfb.01.183,2024-02-14,20:41:00,77
smcfb.01.183,2024-02-14,20:42:00,76
smcfb.01.183,2024-02-14,20:43:00,76
smcfb.01.183,2024-02-14,20:44:00,76
smcfb.01.183,2024-02-14,20:45:00,76
smcfb.01.183,2024-02-14,20:46:00,75
smcfb.01.183,2024-02-14,20:47:00,75
smcfb.01.183,2024-02-14,20:48:00,74
smcfb.01.183,2024-02-14,20:49:00,75
smcfb.01.183,2024-02-14,20:50:00,75
smcfb.01.183,2024-02-14,20:51:00,74
smcfb.01.183,2024-02-14,20:52:00,74
smcfb.01.183,2024-02-14,20:53:00,76
smcfb.01.183,2024-02-14,20:54:00,76
smcfb.01.183,2024-02-14,20:55:00,75
smcfb.01.183,2024-02-14,20:56:00,74
smcfb.01.183,2024-02-14,20:57:00,76
smcfb.01.183,2024-02-14,20:58:00,75
smcfb.01.183,2024-02-14,20:59:00,75
smcfb.01.183,2024-02-14,21:00:00,74
smcfb.01.183,2024-02-14,21:01:00,84
smcfb.01.183,2024-02-14,21:02:00,85
smcfb.01.183,2024-02-14,21:03:00,82
smcfb.01.183,2024-02-14,21:04:00,83
smcfb.01.183,2024-02-14,21:05:00,81
smcfb.01.183,2024-02-14,21:06:00,81
smcfb.01.183,2024-02-14,21:07:00,79
smcfb.01.183,2024-02-14,21:08:00,78
smcfb.01.183,2024-02-14,21:09:00,80
smcfb.01.183,2024-02-14,21:10:00,80
smcfb.01.183,2024-02-14,21:11:00,83
smcfb.01.183,2024-02-14,21:12:00,90
smcfb.01.183,2024-02-14,21:13:00,84
smcfb.01.183,2024-02-14,21:14:00,80
smcfb.01.183,2024-02-14,21:15:00,80
smcfb.01.183,2024-02-14,21:16:00,80
smcfb.01.183,2024-02-14,21:17:00,79
smcfb.01.183,2024-02-14,21:18:00,76
smcfb.01.183,2024-02-14,21:19:00,74
smcfb.01.183,2024-02-14,21:20:00,73
smcfb.01.183,2024-02-14,21:21:00,71
smcfb.01.183,2024-02-14,21:22:00,71
smcfb.01.183,2024-02-14,21:23:00,73
smcfb.01.183,2024-02-14,21:24:00,74
smcfb.01.183,2024-02-14,21:25:00,72
smcfb.01.183,2024-02-14,21:26:00,88
smcfb.01.183,2024-02-14,21:27:00,99
smcfb.01.183,2024-02-14,21:28:00,98
smcfb.01.183,2024-02-14,21:29:00,98
smcfb.01.183,2024-02-14,21:30:00,90
smcfb.01.183,2024-02-14,21:31:00,85
smcfb.01.183,2024-02-14,21:32:00,80
smcfb.01.183,2024-02-14,21:33:00,77
smcfb.01.183,2024-02-14,21:34:00,77
smcfb.01.183,2024-02-14,21:35:00,77
smcfb.01.183,2024-02-14,21:36:00,81
smcfb.01.183,2024-02-14,21:37:00,81
smcfb.01.183,2024-02-14,21:38:00,80
smcfb.01.183,2024-02-14,21:39:00,80
smcfb.01.183,2024-02-14,21:40:00,79
smcfb.01.183,2024-02-14,21:41:00,77
smcfb.01.183,2024-02-14,21:42:00,78
smcfb.01.183,2024-02-14,21:43:00,79
smcfb.01.183,2024-02-14,21:44:00,79
smcfb.01.183,2024-02-14,21:45:00,78
smcfb.01.183,2024-02-14,21:46:00,79
smcfb.01.183,2024-02-14,21:47:00,78
smcfb.01.183,2024-02-14,21:48:00,78
smcfb.01.183,2024-02-14,21:49:00,81
smcfb.01.183,2024-02-14,21:50:00,79
smcfb.01.183,2024-02-14,21:51:00,81
smcfb.01.183,2024-02-14,21:52:00,82
smcfb.01.183,2024-02-14,21:53:00,86
smcfb.01.183,2024-02-14,21:54:00,85
smcfb.01.183,2024-02-14,21:55:00,83
smcfb.01.183,2024-02-14,21:56:00,82
smcfb.01.183,2024-02-14,21:57:00,84
smcfb.01.183,2024-02-14,21:58:00,85
smcfb.01.183,2024-02-14,21:59:00,84
smcfb.01.183,2024-02-14,22:00:00,82
smcfb.01.183,2024-02-14,22:01:00,84
smcfb.01.183,2024-02-14,22:02:00,84
smcfb.01.183,2024-02-14,22:03:00,81
smcfb.01.183,2024-02-14,22:04:00,84
smcfb.01.183,2024-02-14,22:05:00,83
smcfb.01.183,2024-02-14,22:06:00,80
smcfb.01.183,2024-02-14,22:07:00,82
smcfb.01.183,2024-02-14,22:08:00,82
smcfb.01.183,2024-02-14,22:09:00,79
smcfb.01.183,2024-02-14,22:10:00,80
smcfb.01.183,2024-02-14,22:11:00,80
smcfb.01.183,2024-02-14,22:12:00,82
smcfb.01.183,2024-02-14,22:13:00,81
smcfb.01.183,2024-02-14,22:14:00,80
smcfb.01.183,2024-02-14,22:15:00,80
smcfb.01.183,2024-02-14,22:16:00,79
smcfb.01.183,2024-02-14,22:17:00,80
smcfb.01.183,2024-02-14,22:18:00,82
smcfb.01.183,2024-02-14,22:19:00,83
smcfb.01.183,2024-02-14,22:20:00,83
smcfb.01.183,2024-02-14,22:21:00,85
smcfb.01.183,2024-02-14,22:22:00,85
smcfb.01.183,2024-02-14,22:23:00,84
smcfb.01.183,2024-02-14,22:24:00,84
smcfb.01.183,2024-02-14,22:25:00,84
smcfb.01.183,2024-02-14,22:26:00,84
smcfb.01.183,2024-02-14,22:27:00,84
smcfb.01.183,2024-02-14,22:28:00,84
smcfb.01.183,2024-02-14,22:29:00,84
smcfb.01.183,2024-02-14,22:30:00,82
smcfb.01.183,2024-02-14,22:31:00,82
smcfb.01.183,2024-02-14,22:32:00,84
smcfb.01.183,2024-02-14,22:33:00,93
smcfb.01.183,2024-02-14,22:34:00,96
smcfb.01.183,2024-02-14,22:35:00,106
smcfb.01.183,2024-02-14,22:36:00,102
smcfb.01.183,2024-02-14,22:37:00,100
smcfb.01.183,2024-02-14,22:38:00,104
smcfb.01.183,2024-02-14,22:39:00,95
smcfb.01.183,2024-02-14,22:40:00,90
smcfb.01.183,2024-02-14,22:41:00,93
smcfb.01.183,2024-02-14,22:42:00,92
smcfb.01.183,2024-02-14,22:43:00,92
smcfb.01.183,2024-02-14,22:44:00,92
smcfb.01.183,2024-02-14,22:45:00,89
smcfb.01.183,2024-02-14,22:46:00,94
smcfb.01.183,2024-02-14,22:47:00,92
smcfb.01.183,2024-02-14,22:48:00,96
smcfb.01.183,2024-02-14,22:49:00,96
smcfb.01.183,2024-02-14,22:50:00,95
smcfb.01.183,2024-02-14,22:51:00,94
smcfb.01.183,2024-02-14,22:52:00,95
smcfb.01.183,2024-02-14,22:53:00,95
smcfb.01.183,2024-02-14,22:54:00,96
smcfb.01.183,2024-02-14,22:55:00,94
smcfb.01.183,2024-02-14,22:56:00,94
smcfb.01.183,2024-02-14,22:57:00,91
smcfb.01.183,2024-02-14,22:58:00,91
smcfb.01.183,2024-02-14,22:59:00,90
smcfb.01.183,2024-02-14,23:00:00,92
smcfb.01.183,2024-02-15,08:26:00,90
smcfb.01.183,2024-02-15,08:27:00,89
smcfb.01.183,2024-02-15,08:28:00,88
smcfb.01.183,2024-02-15,08:29:00,88
smcfb.01.183,2024-02-15,08:30:00,88
smcfb.01.183,2024-02-15,08:31:00,86
smcfb.01.183,2024-02-15,08:32:00,83
smcfb.01.183,2024-02-15,08:33:00,82
smcfb.01.183,2024-02-15,08:34:00,84
smcfb.01.183,2024-02-15,08:35:00,86
smcfb.01.183,2024-02-15,08:36:00,84
smcfb.01.183,2024-02-15,08:37:00,84
smcfb.01.183,2024-02-15,08:38:00,84
smcfb.01.183,2024-02-15,08:39:00,83
smcfb.01.183,2024-02-15,08:40:00,80
smcfb.01.183,2024-02-15,08:41:00,84
smcfb.01.183,2024-02-15,08:42:00,84
smcfb.01.183,2024-02-15,08:43:00,82
smcfb.01.183,2024-02-15,08:44:00,83
smcfb.01.183,2024-02-15,08:45:00,83
smcfb.01.183,2024-02-15,08:46:00,84
smcfb.01.183,2024-02-15,08:47:00,85
smcfb.01.183,2024-02-15,08:48:00,87
smcfb.01.183,2024-02-15,08:49:00,88
smcfb.01.183,2024-02-15,08:50:00,86
smcfb.01.183,2024-02-15,08:51:00,84
smcfb.01.183,2024-02-15,08:52:00,82
smcfb.01.183,2024-02-15,08:53:00,80
smcfb.01.183,2024-02-15,08:54:00,80
smcfb.01.183,2024-02-15,08:55:00,80
smcfb.01.183,2024-02-15,08:56:00,79
smcfb.01.183,2024-02-15,08:57:00,85
smcfb.01.183,2024-02-15,08:58:00,87
smcfb.01.183,2024-02-15,08:59:00,92
smcfb.01.183,2024-02-15,09:01:00,92
smcfb.01.183,2024-02-15,09:02:00,92
smcfb.01.183,2024-02-15,09:03:00,93
smcfb.01.183,2024-02-15,09:04:00,97
smcfb.01.183,2024-02-15,09:05:00,105
smcfb.01.183,2024-02-15,09:06:00,95
smcfb.01.183,2024-02-15,09:07:00,86
smcfb.01.183,2024-02-15,09:08:00,84
smcfb.01.183,2024-02-15,09:09:00,86
smcfb.01.183,2024-02-15,09:10:00,94
smcfb.01.183,2024-02-15,09:11:00,92
smcfb.01.183,2024-02-15,09:12:00,82
smcfb.01.183,2024-02-15,09:13:00,80
smcfb.01.183,2024-02-15,09:14:00,79
smcfb.01.183,2024-02-15,09:15:00,79
smcfb.01.183,2024-02-15,09:16:00,79
smcfb.01.183,2024-02-15,09:17:00,78
smcfb.01.183,2024-02-15,09:18:00,78
smcfb.01.183,2024-02-15,09:19:00,78
smcfb.01.183,2024-02-15,09:20:00,78
smcfb.01.183,2024-02-15,09:21:00,75
smcfb.01.183,2024-02-15,09:22:00,78
smcfb.01.183,2024-02-15,09:23:00,78
smcfb.01.183,2024-02-15,09:24:00,78
smcfb.01.183,2024-02-15,09:25:00,77
smcfb.01.183,2024-02-15,09:26:00,79
smcfb.01.183,2024-02-15,09:27:00,78
smcfb.01.183,2024-02-15,09:28:00,80
smcfb.01.183,2024-02-15,09:29:00,82
smcfb.01.183,2024-02-15,09:30:00,82
smcfb.01.183,2024-02-15,09:31:00,77
smcfb.01.183,2024-02-15,09:32:00,76
smcfb.01.183,2024-02-15,09:33:00,76
smcfb.01.183,2024-02-15,09:34:00,77
smcfb.01.183,2024-02-15,09:35:00,77
smcfb.01.183,2024-02-15,09:36:00,78
smcfb.01.183,2024-02-15,09:37:00,77
smcfb.01.183,2024-02-15,09:38:00,76
smcfb.01.183,2024-02-15,09:39:00,79
smcfb.01.183,2024-02-15,09:40:00,77
smcfb.01.183,2024-02-15,09:41:00,77
smcfb.01.183,2024-02-15,09:42:00,76
smcfb.01.183,2024-02-15,09:43:00,77
smcfb.01.183,2024-02-15,09:44:00,77
smcfb.01.183,2024-02-15,09:45:00,77
smcfb.01.183,2024-02-15,09:46:00,74
smcfb.01.183,2024-02-15,09:47:00,77
smcfb.01.183,2024-02-15,09:48:00,80
smcfb.01.183,2024-02-15,09:49:00,79
smcfb.01.183,2024-02-15,09:50:00,78
smcfb.01.183,2024-02-15,09:51:00,78
smcfb.01.183,2024-02-15,09:52:00,77
smcfb.01.183,2024-02-15,09:53:00,76
smcfb.01.183,2024-02-15,09:54:00,76
smcfb.01.183,2024-02-15,09:55:00,77
smcfb.01.183,2024-02-15,09:56:00,77
smcfb.01.183,2024-02-15,09:57:00,74
smcfb.01.183,2024-02-15,09:58:00,79
smcfb.01.183,2024-02-15,09:59:00,82
smcfb.01.183,2024-02-15,10:00:00,82
smcfb.01.183,2024-02-15,10:01:00,83
smcfb.01.183,2024-02-15,10:02:00,84
smcfb.01.183,2024-02-15,10:03:00,88
smcfb.01.183,2024-02-15,10:04:00,87
smcfb.01.183,2024-02-15,10:05:00,80
smcfb.01.183,2024-02-15,10:06:00,85
smcfb.01.183,2024-02-15,10:07:00,78
smcfb.01.183,2024-02-15,10:08:00,76
smcfb.01.183,2024-02-15,10:09:00,76
smcfb.01.183,2024-02-15,10:10:00,74
smcfb.01.183,2024-02-15,10:11:00,75
smcfb.01.183,2024-02-15,10:12:00,74
smcfb.01.183,2024-02-15,10:13:00,75
smcfb.01.183,2024-02-15,10:14:00,74
smcfb.01.183,2024-02-15,10:15:00,75
smcfb.01.183,2024-02-15,10:16:00,75
smcfb.01.183,2024-02-15,10:17:00,78
smcfb.01.183,2024-02-15,10:18:00,77
smcfb.01.183,2024-02-15,10:19:00,74
smcfb.01.183,2024-02-15,10:20:00,74
smcfb.01.183,2024-02-15,10:21:00,77
smcfb.01.183,2024-02-15,10:22:00,80
smcfb.01.183,2024-02-15,10:23:00,77
smcfb.01.183,2024-02-15,10:24:00,78
smcfb.01.183,2024-02-15,10:25:00,78
smcfb.01.183,2024-02-15,10:26:00,76
smcfb.01.183,2024-02-15,10:27:00,77
smcfb.01.183,2024-02-15,10:28:00,81
smcfb.01.183,2024-02-15,10:29:00,86
smcfb.01.183,2024-02-15,10:30:00,80
smcfb.01.183,2024-02-15,10:31:00,79
smcfb.01.183,2024-02-15,10:32:00,78
smcfb.01.183,2024-02-15,10:33:00,76
smcfb.01.183,2024-02-15,10:34:00,76
smcfb.01.183,2024-02-15,10:35:00,80
smcfb.01.183,2024-02-15,10:36:00,79
smcfb.01.183,2024-02-15,10:37:00,77
smcfb.01.183,2024-02-15,10:38:00,82
smcfb.01.183,2024-02-15,10:39:00,81
smcfb.01.183,2024-02-15,10:40:00,78
smcfb.01.183,2024-02-15,10:41:00,77
smcfb.01.183,2024-02-15,10:42:00,76
smcfb.01.183,2024-02-15,10:43:00,79
smcfb.01.183,2024-02-15,10:44:00,76
smcfb.01.183,2024-02-15,10:45:00,75
smcfb.01.183,2024-02-15,10:46:00,75
smcfb.01.183,2024-02-15,10:47:00,75
smcfb.01.183,2024-02-15,10:48:00,75
smcfb.01.183,2024-02-15,10:49:00,76
smcfb.01.183,2024-02-15,10:50:00,81
smcfb.01.183,2024-02-15,10:51:00,83
smcfb.01.183,2024-02-15,10:52:00,77
smcfb.01.183,2024-02-15,10:53:00,75
smcfb.01.183,2024-02-15,10:54:00,75
smcfb.01.183,2024-02-15,10:55:00,77
smcfb.01.183,2024-02-15,10:56:00,83
smcfb.01.183,2024-02-15,10:57:00,77
smcfb.01.183,2024-02-15,10:58:00,75
smcfb.01.183,2024-02-15,10:59:00,74
smcfb.01.183,2024-02-15,11:00:00,75
smcfb.01.183,2024-02-15,11:01:00,76
smcfb.01.183,2024-02-15,11:02:00,75
smcfb.01.183,2024-02-15,11:03:00,74
smcfb.01.183,2024-02-15,11:04:00,75
smcfb.01.183,2024-02-15,11:05:00,76
smcfb.01.183,2024-02-15,11:06:00,76
smcfb.01.183,2024-02-15,11:07:00,76
smcfb.01.183,2024-02-15,11:08:00,74
smcfb.01.183,2024-02-15,11:09:00,76
smcfb.01.183,2024-02-15,11:10:00,77
smcfb.01.183,2024-02-15,11:11:00,75
smcfb.01.183,2024-02-15,11:12:00,77
smcfb.01.183,2024-02-15,11:13:00,77
smcfb.01.183,2024-02-15,11:14:00,76
smcfb.01.183,2024-02-15,11:15:00,78
smcfb.01.183,2024-02-15,11:16:00,80
smcfb.01.183,2024-02-15,11:17:00,77
smcfb.01.183,2024-02-15,11:18:00,75
smcfb.01.183,2024-02-15,11:19:00,74
smcfb.01.183,2024-02-15,11:20:00,72
smcfb.01.183,2024-02-15,11:21:00,72
smcfb.01.183,2024-02-15,11:22:00,73
smcfb.01.183,2024-02-15,11:23:00,73
smcfb.01.183,2024-02-15,11:24:00,72
smcfb.01.183,2024-02-15,11:25:00,73
smcfb.01.183,2024-02-15,11:26:00,75
smcfb.01.183,2024-02-15,11:27:00,77
smcfb.01.183,2024-02-15,11:28:00,75
smcfb.01.183,2024-02-15,11:29:00,71
smcfb.01.183,2024-02-15,11:30:00,78
smcfb.01.183,2024-02-15,11:31:00,86
smcfb.01.183,2024-02-15,11:32:00,76
smcfb.01.183,2024-02-15,11:33:00,74
smcfb.01.183,2024-02-15,11:34:00,77
smcfb.01.183,2024-02-15,11:35:00,82
smcfb.01.183,2024-02-15,11:36:00,84
smcfb.01.183,2024-02-15,11:37:00,84
smcfb.01.183,2024-02-15,11:38:00,85
smcfb.01.183,2024-02-15,11:39:00,85
smcfb.01.183,2024-02-15,11:40:00,79
smcfb.01.183,2024-02-15,11:41:00,80
smcfb.01.183,2024-02-15,11:42:00,80
smcfb.01.183,2024-02-15,11:43:00,80
smcfb.01.183,2024-02-15,11:44:00,79
smcfb.01.183,2024-02-15,11:45:00,79
smcfb.01.183,2024-02-15,11:46:00,81
smcfb.01.183,2024-02-15,11:47:00,81
smcfb.01.183,2024-02-15,11:48:00,81
smcfb.01.183,2024-02-15,11:49:00,81
smcfb.01.183,2024-02-15,11:50:00,99
smcfb.01.183,2024-02-15,11:51:00,107
smcfb.01.183,2024-02-15,11:52:00,107
smcfb.01.183,2024-02-15,11:53:00,103
smcfb.01.183,2024-02-15,11:54:00,103
smcfb.01.183,2024-02-15,11:55:00,107
smcfb.01.183,2024-02-15,11:56:00,106
smcfb.01.183,2024-02-15,11:57:00,97
smcfb.01.183,2024-02-15,11:58:00,95
smcfb.01.183,2024-02-15,11:59:00,101
smcfb.01.183,2024-02-15,12:00:00,102
smcfb.01.183,2024-02-15,12:01:00,97
smcfb.01.183,2024-02-15,12:02:00,91
smcfb.01.183,2024-02-15,12:03:00,86
smcfb.01.183,2024-02-15,12:04:00,84
smcfb.01.183,2024-02-15,12:05:00,83
smcfb.01.183,2024-02-15,12:06:00,82
smcfb.01.183,2024-02-15,12:07:00,81
smcfb.01.183,2024-02-15,12:08:00,79
smcfb.01.183,2024-02-15,12:09:00,82
smcfb.01.183,2024-02-15,12:10:00,83
smcfb.01.183,2024-02-15,12:11:00,84
smcfb.01.183,2024-02-15,12:12:00,87
smcfb.01.183,2024-02-15,12:13:00,86
smcfb.01.183,2024-02-15,12:14:00,88
smcfb.01.183,2024-02-15,12:15:00,87
smcfb.01.183,2024-02-15,12:16:00,88
smcfb.01.183,2024-02-15,12:17:00,87
smcfb.01.183,2024-02-15,12:18:00,86
smcfb.01.183,2024-02-15,12:19:00,85
smcfb.01.183,2024-02-15,12:20:00,83
smcfb.01.183,2024-02-15,12:21:00,82
smcfb.01.183,2024-02-15,12:22:00,82
smcfb.01.183,2024-02-15,12:23:00,80
smcfb.01.183,2024-02-15,12:24:00,82
smcfb.01.183,2024-02-15,12:25:00,82
smcfb.01.183,2024-02-15,12:26:00,83
smcfb.01.183,2024-02-15,12:27:00,82
smcfb.01.183,2024-02-15,12:28:00,82
smcfb.01.183,2024-02-15,12:29:00,81
smcfb.01.183,2024-02-15,12:30:00,80
smcfb.01.183,2024-02-15,12:31:00,80
smcfb.01.183,2024-02-15,12:32:00,81
smcfb.01.183,2024-02-15,12:33:00,81
smcfb.01.183,2024-02-15,12:34:00,79
smcfb.01.183,2024-02-15,12:35:00,79
smcfb.01.183,2024-02-15,12:36:00,80
smcfb.01.183,2024-02-15,12:37:00,79
smcfb.01.183,2024-02-15,12:38:00,79
smcfb.01.183,2024-02-15,12:39:00,79
smcfb.01.183,2024-02-15,12:40:00,77
smcfb.01.183,2024-02-15,12:41:00,81
smcfb.01.183,2024-02-15,12:42:00,82
smcfb.01.183,2024-02-15,12:43:00,81
smcfb.01.183,2024-02-15,12:44:00,79
smcfb.01.183,2024-02-15,12:45:00,77
smcfb.01.183,2024-02-15,12:46:00,77
smcfb.01.183,2024-02-15,12:47:00,77
smcfb.01.183,2024-02-15,12:48:00,77
smcfb.01.183,2024-02-15,12:49:00,76
smcfb.01.183,2024-02-15,12:50:00,75
smcfb.01.183,2024-02-15,12:51:00,75
smcfb.01.183,2024-02-15,12:52:00,76
smcfb.01.183,2024-02-15,12:53:00,75
smcfb.01.183,2024-02-15,12:54:00,73
smcfb.01.183,2024-02-15,12:55:00,75
smcfb.01.183,2024-02-15,12:56:00,75
smcfb.01.183,2024-02-15,12:57:00,75
smcfb.01.183,2024-02-15,12:58:00,74
smcfb.01.183,2024-02-15,12:59:00,75
smcfb.01.183,2024-02-15,13:00:00,74
smcfb.01.183,2024-02-15,13:01:00,73
smcfb.01.183,2024-02-15,13:02:00,72
smcfb.01.183,2024-02-15,13:03:00,73
smcfb.01.183,2024-02-15,13:04:00,73
smcfb.01.183,2024-02-15,13:05:00,75
smcfb.01.183,2024-02-15,13:06:00,76
smcfb.01.183,2024-02-15,13:07:00,75
smcfb.01.183,2024-02-15,13:08:00,73
smcfb.01.183,2024-02-15,13:09:00,74
smcfb.01.183,2024-02-15,13:10:00,73
smcfb.01.183,2024-02-15,13:11:00,73
smcfb.01.183,2024-02-15,13:12:00,72
smcfb.01.183,2024-02-15,13:13:00,73
smcfb.01.183,2024-02-15,13:14:00,77
smcfb.01.183,2024-02-15,13:15:00,76
smcfb.01.183,2024-02-15,13:16:00,77
smcfb.01.183,2024-02-15,13:17:00,77
smcfb.01.183,2024-02-15,13:18:00,76
smcfb.01.183,2024-02-15,13:19:00,74
smcfb.01.183,2024-02-15,13:20:00,73
smcfb.01.183,2024-02-15,13:21:00,74
smcfb.01.183,2024-02-15,13:22:00,72
smcfb.01.183,2024-02-15,13:23:00,72
smcfb.01.183,2024-02-15,13:24:00,72
smcfb.01.183,2024-02-15,13:25:00,72
smcfb.01.183,2024-02-15,13:26:00,72
smcfb.01.183,2024-02-15,13:27:00,71
smcfb.01.183,2024-02-15,13:28:00,71
smcfb.01.183,2024-02-15,13:29:00,71
smcfb.01.183,2024-02-15,13:30:00,71
smcfb.01.183,2024-02-15,13:31:00,70
smcfb.01.183,2024-02-15,13:32:00,71
smcfb.01.183,2024-02-15,13:33:00,70
smcfb.01.183,2024-02-15,13:34:00,70
smcfb.01.183,2024-02-15,13:35:00,70
smcfb.01.183,2024-02-15,13:36:00,70
smcfb.01.183,2024-02-15,13:37:00,69
smcfb.01.183,2024-02-15,13:38:00,69
smcfb.01.183,2024-02-15,13:39:00,69
smcfb.01.183,2024-02-15,13:40:00,70
smcfb.01.183,2024-02-15,13:41:00,70
smcfb.01.183,2024-02-15,13:42:00,69
smcfb.01.183,2024-02-15,13:43:00,75
smcfb.01.183,2024-02-15,13:44:00,73
smcfb.01.183,2024-02-15,13:45:00,70
smcfb.01.183,2024-02-15,13:46:00,70
smcfb.01.183,2024-02-15,13:47:00,70
smcfb.01.183,2024-02-15,13:48:00,70
smcfb.01.183,2024-02-15,13:49:00,71
smcfb.01.183,2024-02-15,13:50:00,71
smcfb.01.183,2024-02-15,13:51:00,74
smcfb.01.183,2024-02-15,13:52:00,73
smcfb.01.183,2024-02-15,13:53:00,73
smcfb.01.183,2024-02-15,13:54:00,72
smcfb.01.183,2024-02-15,13:55:00,71
smcfb.01.183,2024-02-15,13:56:00,71
smcfb.01.183,2024-02-15,13:57:00,72
smcfb.01.183,2024-02-15,13:58:00,72
smcfb.01.183,2024-02-15,13:59:00,73
smcfb.01.183,2024-02-15,14:00:00,74
smcfb.01.183,2024-02-15,14:01:00,74
smcfb.01.183,2024-02-15,14:02:00,74
smcfb.01.183,2024-02-15,14:03:00,73
smcfb.01.183,2024-02-15,14:04:00,72
smcfb.01.183,2024-02-15,14:05:00,71
smcfb.01.183,2024-02-15,14:06:00,72
smcfb.01.183,2024-02-15,14:07:00,74
smcfb.01.183,2024-02-15,14:08:00,74
smcfb.01.183,2024-02-15,14:09:00,74
smcfb.01.183,2024-02-15,14:10:00,76
smcfb.01.183,2024-02-15,14:11:00,77
smcfb.01.183,2024-02-15,14:12:00,75
smcfb.01.183,2024-02-15,14:13:00,75
smcfb.01.183,2024-02-15,14:14:00,74
smcfb.01.183,2024-02-15,14:15:00,76
smcfb.01.183,2024-02-15,14:16:00,77
smcfb.01.183,2024-02-15,14:17:00,79
smcfb.01.183,2024-02-15,14:18:00,77
smcfb.01.183,2024-02-15,14:19:00,80
smcfb.01.183,2024-02-15,14:20:00,89
smcfb.01.183,2024-02-15,14:21:00,83
smcfb.01.183,2024-02-15,14:22:00,77
smcfb.01.183,2024-02-15,14:23:00,76
smcfb.01.183,2024-02-15,14:24:00,77
smcfb.01.183,2024-02-15,14:25:00,76
smcfb.01.183,2024-02-15,14:26:00,77
smcfb.01.183,2024-02-15,14:27:00,75
smcfb.01.183,2024-02-15,14:28:00,75
smcfb.01.183,2024-02-15,14:29:00,73
smcfb.01.183,2024-02-15,14:30:00,75
smcfb.01.183,2024-02-15,14:31:00,75
smcfb.01.183,2024-02-15,14:32:00,76
smcfb.01.183,2024-02-15,14:33:00,77
smcfb.01.183,2024-02-15,14:34:00,76
smcfb.01.183,2024-02-15,14:35:00,80
smcfb.01.183,2024-02-15,14:36:00,90
smcfb.01.183,2024-02-15,14:37:00,96
smcfb.01.183,2024-02-15,14:38:00,99
smcfb.01.183,2024-02-15,14:39:00,100
smcfb.01.183,2024-02-15,14:40:00,104
smcfb.01.183,2024-02-15,14:41:00,98
smcfb.01.183,2024-02-15,14:42:00,92
smcfb.01.183,2024-02-15,14:43:00,88
smcfb.01.183,2024-02-15,14:44:00,95
smcfb.01.183,2024-02-15,14:45:00,95
smcfb.01.183,2024-02-15,14:46:00,97
smcfb.01.183,2024-02-15,14:47:00,95
smcfb.01.183,2024-02-15,14:48:00,90
smcfb.01.183,2024-02-15,14:49:00,87
smcfb.01.183,2024-02-15,14:50:00,87
smcfb.01.183,2024-02-15,14:51:00,87
smcfb.01.183,2024-02-15,14:52:00,87
smcfb.01.183,2024-02-15,14:53:00,84
smcfb.01.183,2024-02-15,14:54:00,88
smcfb.01.183,2024-02-15,14:55:00,101
smcfb.01.183,2024-02-15,14:56:00,105
smcfb.01.183,2024-02-15,14:57:00,106
smcfb.01.183,2024-02-15,14:58:00,105
smcfb.01.183,2024-02-15,14:59:00,92
smcfb.01.183,2024-02-15,15:00:00,90
smcfb.01.183,2024-02-15,15:01:00,90
smcfb.01.183,2024-02-15,15:02:00,84
smcfb.01.183,2024-02-15,15:03:00,85
smcfb.01.183,2024-02-15,15:04:00,83
smcfb.01.183,2024-02-15,15:05:00,82
smcfb.01.183,2024-02-15,15:06:00,80
smcfb.01.183,2024-02-15,15:07:00,80
smcfb.01.183,2024-02-15,15:08:00,80
smcfb.01.183,2024-02-15,15:09:00,80
smcfb.01.183,2024-02-15,15:10:00,80
smcfb.01.183,2024-02-15,15:11:00,79
smcfb.01.183,2024-02-15,15:12:00,80
smcfb.01.183,2024-02-15,15:13:00,83
smcfb.01.183,2024-02-15,15:14:00,92
smcfb.01.183,2024-02-15,15:15:00,98
smcfb.01.183,2024-02-15,15:16:00,89
smcfb.01.183,2024-02-15,15:17:00,88
smcfb.01.183,2024-02-15,15:18:00,94
smcfb.01.183,2024-02-15,15:19:00,94
smcfb.01.183,2024-02-15,15:20:00,89
smcfb.01.183,2024-02-15,15:21:00,84
smcfb.01.183,2024-02-15,15:22:00,88
smcfb.01.183,2024-02-15,15:23:00,82
smcfb.01.183,2024-02-15,15:24:00,78
smcfb.01.183,2024-02-15,15:25:00,77
smcfb.01.183,2024-02-15,15:26:00,76
smcfb.01.183,2024-02-15,15:27:00,75
smcfb.01.183,2024-02-15,15:28:00,74
smcfb.01.183,2024-02-15,15:29:00,75
smcfb.01.183,2024-02-15,15:30:00,76
smcfb.01.183,2024-02-15,15:31:00,78
smcfb.01.183,2024-02-15,15:32:00,78
smcfb.01.183,2024-02-15,15:33:00,80
smcfb.01.183,2024-02-15,15:34:00,80
smcfb.01.183,2024-02-15,15:35:00,76
smcfb.01.183,2024-02-15,15:36:00,75
smcfb.01.183,2024-02-15,15:37:00,75
smcfb.01.183,2024-02-15,15:38:00,74
smcfb.01.183,2024-02-15,15:39:00,73
smcfb.01.183,2024-02-15,15:40:00,72
smcfb.01.183,2024-02-15,15:41:00,73
smcfb.01.183,2024-02-15,15:42:00,73
smcfb.01.183,2024-02-15,15:43:00,74
smcfb.01.183,2024-02-15,15:44:00,73
smcfb.01.183,2024-02-15,15:45:00,71
smcfb.01.183,2024-02-15,15:46:00,71
smcfb.01.183,2024-02-15,15:47:00,70
smcfb.01.183,2024-02-15,15:48:00,71
smcfb.01.183,2024-02-15,15:49:00,71
smcfb.01.183,2024-02-15,15:50:00,70
smcfb.01.183,2024-02-15,15:51:00,72
smcfb.01.183,2024-02-15,15:52:00,71
smcfb.01.183,2024-02-15,15:53:00,69
smcfb.01.183,2024-02-15,15:54:00,69
smcfb.01.183,2024-02-15,15:55:00,69
smcfb.01.183,2024-02-15,15:56:00,70
smcfb.01.183,2024-02-15,15:57:00,70
smcfb.01.183,2024-02-15,15:58:00,69
smcfb.01.183,2024-02-15,15:59:00,69
smcfb.01.183,2024-02-15,16:00:00,69
smcfb.01.183,2024-02-15,16:01:00,69
smcfb.01.183,2024-02-15,16:02:00,69
smcfb.01.183,2024-02-15,16:03:00,69
smcfb.01.183,2024-02-15,16:04:00,68
smcfb.01.183,2024-02-15,16:05:00,68
smcfb.01.183,2024-02-15,16:06:00,68
smcfb.01.183,2024-02-15,16:07:00,70
smcfb.01.183,2024-02-15,16:08:00,70
smcfb.01.183,2024-02-15,16:09:00,69
smcfb.01.183,2024-02-15,16:10:00,69
smcfb.01.183,2024-02-15,16:11:00,72
smcfb.01.183,2024-02-15,16:12:00,73
smcfb.01.183,2024-02-15,16:13:00,71
smcfb.01.183,2024-02-15,16:14:00,70
smcfb.01.183,2024-02-15,16:15:00,70
smcfb.01.183,2024-02-15,16:16:00,71
smcfb.01.183,2024-02-15,16:17:00,70
smcfb.01.183,2024-02-15,16:18:00,71
smcfb.01.183,2024-02-15,16:19:00,72
smcfb.01.183,2024-02-15,16:20:00,72
smcfb.01.183,2024-02-15,16:21:00,71
smcfb.01.183,2024-02-15,16:22:00,73
smcfb.01.183,2024-02-15,16:23:00,74
smcfb.01.183,2024-02-15,16:24:00,73
smcfb.01.183,2024-02-15,16:25:00,71
smcfb.01.183,2024-02-15,16:26:00,70
smcfb.01.183,2024-02-15,16:27:00,70
smcfb.01.183,2024-02-15,16:28:00,71
smcfb.01.183,2024-02-15,16:29:00,69
smcfb.01.183,2024-02-15,16:30:00,68
smcfb.01.183,2024-02-15,16:31:00,71
smcfb.01.183,2024-02-15,16:32:00,72
smcfb.01.183,2024-02-15,16:33:00,70
smcfb.01.183,2024-02-15,16:34:00,70
smcfb.01.183,2024-02-15,16:35:00,73
smcfb.01.183,2024-02-15,16:36:00,74
smcfb.01.183,2024-02-15,16:37:00,73
smcfb.01.183,2024-02-15,16:38:00,70
smcfb.01.183,2024-02-15,16:39:00,70
smcfb.01.183,2024-02-15,16:40:00,70
smcfb.01.183,2024-02-15,16:41:00,70
smcfb.01.183,2024-02-15,16:42:00,71
smcfb.01.183,2024-02-15,16:43:00,74
smcfb.01.183,2024-02-15,16:44:00,75
smcfb.01.183,2024-02-15,16:45:00,75
smcfb.01.183,2024-02-15,16:46:00,73
smcfb.01.183,2024-02-15,16:47:00,74
smcfb.01.183,2024-02-15,16:48:00,76
smcfb.01.183,2024-02-15,16:49:00,76
smcfb.01.183,2024-02-15,16:50:00,82
smcfb.01.183,2024-02-15,16:51:00,83
smcfb.01.183,2024-02-15,16:52:00,80
smcfb.01.183,2024-02-15,16:53:00,76
smcfb.01.183,2024-02-15,16:54:00,77
smcfb.01.183,2024-02-15,16:55:00,85
smcfb.01.183,2024-02-15,16:56:00,89
smcfb.01.183,2024-02-15,16:57:00,81
smcfb.01.183,2024-02-15,16:58:00,80
smcfb.01.183,2024-02-15,16:59:00,85
smcfb.01.183,2024-02-15,17:00:00,93
smcfb.01.183,2024-02-15,17:01:00,104
smcfb.01.183,2024-02-15,17:02:00,101
smcfb.01.183,2024-02-15,17:03:00,81
smcfb.01.183,2024-02-15,17:04:00,78
smcfb.01.183,2024-02-15,17:05:00,77
smcfb.01.183,2024-02-15,17:06:00,75
smcfb.01.183,2024-02-15,17:07:00,74
smcfb.01.183,2024-02-15,17:08:00,74
smcfb.01.183,2024-02-15,17:09:00,75
smcfb.01.183,2024-02-15,17:10:00,75
smcfb.01.183,2024-02-15,17:11:00,74
smcfb.01.183,2024-02-15,17:12:00,79
smcfb.01.183,2024-02-15,17:13:00,73
smcfb.01.183,2024-02-15,17:14:00,72
smcfb.01.183,2024-02-15,17:15:00,72
smcfb.01.183,2024-02-15,17:16:00,75
smcfb.01.183,2024-02-15,17:17:00,83
smcfb.01.183,2024-02-15,17:18:00,87
smcfb.01.183,2024-02-15,17:19:00,79
smcfb.01.183,2024-02-15,17:20:00,79
smcfb.01.183,2024-02-15,17:21:00,78
smcfb.01.183,2024-02-15,17:22:00,73
smcfb.01.183,2024-02-15,17:23:00,71
smcfb.01.183,2024-02-15,17:24:00,73
smcfb.01.183,2024-02-15,17:25:00,74
smcfb.01.183,2024-02-15,17:26:00,75
smcfb.01.183,2024-02-15,17:27:00,77
smcfb.01.183,2024-02-15,17:28:00,79
smcfb.01.183,2024-02-15,17:29:00,80
smcfb.01.183,2024-02-15,17:30:00,86
smcfb.01.183,2024-02-15,17:31:00,89
smcfb.01.183,2024-02-15,17:32:00,79
smcfb.01.183,2024-02-15,17:33:00,72
smcfb.01.183,2024-02-15,17:34:00,71
smcfb.01.183,2024-02-15,17:35:00,73
smcfb.01.183,2024-02-15,17:36:00,72
smcfb.01.183,2024-02-15,17:37:00,71
smcfb.01.183,2024-02-15,17:38:00,72
smcfb.01.183,2024-02-15,17:39:00,72
smcfb.01.183,2024-02-15,17:40:00,72
smcfb.01.183,2024-02-15,17:41:00,70
smcfb.01.183,2024-02-15,17:42:00,71
smcfb.01.183,2024-02-15,17:43:00,70
smcfb.01.183,2024-02-15,17:44:00,72
smcfb.01.183,2024-02-15,17:45:00,73
smcfb.01.183,2024-02-15,17:46:00,74
smcfb.01.183,2024-02-15,17:47:00,73
smcfb.01.183,2024-02-15,17:48:00,75
smcfb.01.183,2024-02-15,17:49:00,73
smcfb.01.183,2024-02-15,17:50:00,75
smcfb.01.183,2024-02-15,17:51:00,73
smcfb.01.183,2024-02-15,17:52:00,74
smcfb.01.183,2024-02-15,17:53:00,72
smcfb.01.183,2024-02-15,17:54:00,73
smcfb.01.183,2024-02-15,17:55:00,71
smcfb.01.183,2024-02-15,17:56:00,72
smcfb.01.183,2024-02-15,17:57:00,73
smcfb.01.183,2024-02-15,17:58:00,73
smcfb.01.183,2024-02-15,17:59:00,76
smcfb.01.183,2024-02-15,18:00:00,79
smcfb.01.183,2024-02-15,18:01:00,76
smcfb.01.183,2024-02-15,18:02:00,75
smcfb.01.183,2024-02-15,18:03:00,76
smcfb.01.183,2024-02-15,18:04:00,75
smcfb.01.183,2024-02-15,18:05:00,75
smcfb.01.183,2024-02-15,18:06:00,73
smcfb.01.183,2024-02-15,18:07:00,74
smcfb.01.183,2024-02-15,18:08:00,82
smcfb.01.183,2024-02-15,18:09:00,83
smcfb.01.183,2024-02-15,18:10:00,71
smcfb.01.183,2024-02-15,18:11:00,76
smcfb.01.183,2024-02-15,18:12:00,76
smcfb.01.183,2024-02-15,18:13:00,76
smcfb.01.183,2024-02-15,18:14:00,75
smcfb.01.183,2024-02-15,18:15:00,81
smcfb.01.183,2024-02-15,18:16:00,92
smcfb.01.183,2024-02-15,18:17:00,83
smcfb.01.183,2024-02-15,18:18:00,78
smcfb.01.183,2024-02-15,18:19:00,76
smcfb.01.183,2024-02-15,18:20:00,79
smcfb.01.183,2024-02-15,18:21:00,79
smcfb.01.183,2024-02-15,18:22:00,76
smcfb.01.183,2024-02-15,18:23:00,75
smcfb.01.183,2024-02-15,18:24:00,75
smcfb.01.183,2024-02-15,18:25:00,77
smcfb.01.183,2024-02-15,18:26:00,76
smcfb.01.183,2024-02-15,18:27:00,75
smcfb.01.183,2024-02-15,18:28:00,77
smcfb.01.183,2024-02-15,18:29:00,79
smcfb.01.183,2024-02-15,18:30:00,79
smcfb.01.183,2024-02-15,18:31:00,82
smcfb.01.183,2024-02-15,18:32:00,81
smcfb.01.183,2024-02-15,18:33:00,82
smcfb.01.183,2024-02-15,18:34:00,84
smcfb.01.183,2024-02-15,18:35:00,84
smcfb.01.183,2024-02-15,18:36:00,86
smcfb.01.183,2024-02-15,18:37:00,87
smcfb.01.183,2024-02-15,18:38:00,87
smcfb.01.183,2024-02-15,18:39:00,88
smcfb.01.183,2024-02-15,18:40:00,88
smcfb.01.183,2024-02-15,18:41:00,87
smcfb.01.183,2024-02-15,18:42:00,87
smcfb.01.183,2024-02-15,18:43:00,87
smcfb.01.183,2024-02-15,18:44:00,88
smcfb.01.183,2024-02-15,18:45:00,90
smcfb.01.183,2024-02-15,18:46:00,90
smcfb.01.183,2024-02-15,18:47:00,89
smcfb.01.183,2024-02-15,18:48:00,86
smcfb.01.183,2024-02-15,18:49:00,87
smcfb.01.183,2024-02-15,18:50:00,88
smcfb.01.183,2024-02-15,18:51:00,88
smcfb.01.183,2024-02-15,18:52:00,87
smcfb.01.183,2024-02-15,18:53:00,87
smcfb.01.183,2024-02-15,18:54:00,89
smcfb.01.183,2024-02-15,18:55:00,88
smcfb.01.183,2024-02-15,18:56:00,85
smcfb.01.183,2024-02-15,18:57:00,84
smcfb.01.183,2024-02-15,18:58:00,82
smcfb.01.183,2024-02-15,18:59:00,83
smcfb.01.183,2024-02-15,19:00:00,82
smcfb.01.183,2024-02-15,19:01:00,82
smcfb.01.183,2024-02-15,19:02:00,82
smcfb.01.183,2024-02-15,19:03:00,81
smcfb.01.183,2024-02-15,19:04:00,81
smcfb.01.183,2024-02-15,19:05:00,83
smcfb.01.183,2024-02-15,19:06:00,83
smcfb.01.183,2024-02-15,19:07:00,81
smcfb.01.183,2024-02-15,19:08:00,85
smcfb.01.183,2024-02-15,19:09:00,89
smcfb.01.183,2024-02-15,19:10:00,80
smcfb.01.183,2024-02-15,19:11:00,83
smcfb.01.183,2024-02-15,19:12:00,82
smcfb.01.183,2024-02-15,19:13:00,80
smcfb.01.183,2024-02-15,19:14:00,81
smcfb.01.183,2024-02-15,19:15:00,81
smcfb.01.183,2024-02-15,19:16:00,81
smcfb.01.183,2024-02-15,19:17:00,81
smcfb.01.183,2024-02-15,19:18:00,79
smcfb.01.183,2024-02-15,19:19:00,84
smcfb.01.183,2024-02-15,19:20:00,89
smcfb.01.183,2024-02-15,19:21:00,90
smcfb.01.183,2024-02-15,19:22:00,84
smcfb.01.183,2024-02-15,19:23:00,79
smcfb.01.183,2024-02-15,19:24:00,77
smcfb.01.183,2024-02-15,19:25:00,81
smcfb.01.183,2024-02-15,19:26:00,79
smcfb.01.183,2024-02-15,19:27:00,80
smcfb.01.183,2024-02-15,19:28:00,81
smcfb.01.183,2024-02-15,19:29:00,78
smcfb.01.183,2024-02-15,19:30:00,79
smcfb.01.183,2024-02-15,19:31:00,79
smcfb.01.183,2024-02-15,19:32:00,78
smcfb.01.183,2024-02-15,19:33:00,77
smcfb.01.183,2024-02-15,19:34:00,79
smcfb.01.183,2024-02-15,19:35:00,77
smcfb.01.183,2024-02-15,19:36:00,80
smcfb.01.183,2024-02-15,19:37:00,79
smcfb.01.183,2024-02-15,19:38:00,78
smcfb.01.183,2024-02-15,19:39:00,80
smcfb.01.183,2024-02-15,19:40:00,82
smcfb.01.183,2024-02-15,19:41:00,80
smcfb.01.183,2024-02-15,19:42:00,78
smcfb.01.183,2024-02-15,19:43:00,78
smcfb.01.183,2024-02-15,19:44:00,78
smcfb.01.183,2024-02-15,19:45:00,78
smcfb.01.183,2024-02-15,19:46:00,79
smcfb.01.183,2024-02-15,19:47:00,81
smcfb.01.183,2024-02-15,19:48:00,84
smcfb.01.183,2024-02-15,19:49:00,88
smcfb.01.183,2024-02-15,19:50:00,87
smcfb.01.183,2024-02-15,19:51:00,89
smcfb.01.183,2024-02-15,19:52:00,94
smcfb.01.183,2024-02-15,19:53:00,98
smcfb.01.183,2024-02-15,19:54:00,97
smcfb.01.183,2024-02-15,19:55:00,94
smcfb.01.183,2024-02-15,19:56:00,90
smcfb.01.183,2024-02-15,19:57:00,86
smcfb.01.183,2024-02-15,19:58:00,85
smcfb.01.183,2024-02-15,19:59:00,86
smcfb.01.183,2024-02-15,20:00:00,89
smcfb.01.183,2024-02-15,20:01:00,88
smcfb.01.183,2024-02-15,20:02:00,88
smcfb.01.183,2024-02-15,20:03:00,87
smcfb.01.183,2024-02-15,20:04:00,87
smcfb.01.183,2024-02-15,20:05:00,87
smcfb.01.183,2024-02-15,20:06:00,87
smcfb.01.183,2024-02-15,20:07:00,89
smcfb.01.183,2024-02-15,20:08:00,87
smcfb.01.183,2024-02-15,20:09:00,88
smcfb.01.183,2024-02-15,20:10:00,88
smcfb.01.183,2024-02-15,20:11:00,91
smcfb.01.183,2024-02-15,20:12:00,87
smcfb.01.183,2024-02-15,20:13:00,87
smcfb.01.183,2024-02-15,20:14:00,89
smcfb.01.183,2024-02-15,20:15:00,87
smcfb.01.183,2024-02-15,20:16:00,89
smcfb.01.183,2024-02-15,20:17:00,87
smcfb.01.183,2024-02-15,20:18:00,86
smcfb.01.183,2024-02-15,20:19:00,87
smcfb.01.183,2024-02-15,20:20:00,86
smcfb.01.183,2024-02-15,20:21:00,87
smcfb.01.183,2024-02-15,20:22:00,88
smcfb.01.183,2024-02-15,20:23:00,89
smcfb.01.183,2024-02-15,20:24:00,90
smcfb.01.183,2024-02-15,20:25:00,88
smcfb.01.183,2024-02-15,20:26:00,88
smcfb.01.183,2024-02-15,20:27:00,87
smcfb.01.183,2024-02-15,20:28:00,89
smcfb.01.183,2024-02-15,20:29:00,91
smcfb.01.183,2024-02-15,20:30:00,88
smcfb.01.183,2024-02-15,20:31:00,87
smcfb.01.183,2024-02-15,20:32:00,86
smcfb.01.183,2024-02-15,20:33:00,84
smcfb.01.183,2024-02-15,20:34:00,84
smcfb.01.183,2024-02-15,20:35:00,92
smcfb.01.183,2024-02-15,20:36:00,86
smcfb.01.183,2024-02-15,20:37:00,86
smcfb.01.183,2024-02-15,20:38:00,83
smcfb.01.183,2024-02-15,20:39:00,83
smcfb.01.183,2024-02-16,-1,-1
smcfb.01.183,2024-02-17,-1,-1
smcfb.01.183,2024-02-18,-1,-1
smcfb.01.183,2024-02-19,-1,-1
smcfb.01.183,2024-02-20,-1,-1
smcfb.01.183,2024-02-21,-1,-1
smcfb.01.183,2024-02-22,-1,-1
smcfb.01.183,2024-02-23,-1,-1
smcfb.01.183,2024-02-24,-1,-1
smcfb.01.183,2024-02-25,-1,-1
smcfb.01.183,2024-02-26,-1,-1
smcfb.01.183,2024-02-27,-1,-1
smcfb.01.183,2024-02-28,-1,-1
smcfb.01.183,2024-02-29,-1,-1
smcfb.01.183,2024-03-01,-1,-1
smcfb.01.183,2024-03-09,-1,-1
smcfb.01.183,2024-03-10,-1,-1
smcfb.01.183,2024-03-12,-1,-1
smcfb.01.183,2024-03-08,-1,-1
smcfb.01.183,2024-03-11,-1,-1
smcfb.01.183,2024-03-15,-1,-1
smcfb.01.183,2024-03-18,-1,-1
smcfb.01.183,2024-03-20,-1,-1
smcfb.01.183,2024-03-23,-1,-1
smcfb.01.183,2024-03-24,-1,-1
smcfb.01.183,2024-03-02,-1,-1
smcfb.01.183,2024-03-21,-1,-1
smcfb.01.183,2024-03-25,-1,-1
smcfb.01.183,2024-03-07,-1,-1
smcfb.01.183,2024-03-28,-1,-1
smcfb.01.183,2024-03-29,-1,-1
smcfb.01.183,2024-03-14,-1,-1
smcfb.01.183,2024-03-17,-1,-1
smcfb.01.183,2024-03-26,-1,-1
smcfb.01.183,2024-03-31,-1,-1
smcfb.01.183,2024-04-01,-1,-1
smcfb.01.183,2024-04-02,-1,-1
smcfb.01.183,2024-04-03,-1,-1
smcfb.01.183,2024-04-04,-1,-1
smcfb.01.183,2024-04-05,-1,-1
smcfb.01.183,2024-04-06,-1,-1
smcfb.01.183,2024-04-07,-1,-1
smcfb.01.183,2024-04-08,-1,-1
smcfb.01.183,2024-04-09,-1,-1
smcfb.01.183,2024-03-30,-1,-1
smcfb.01.183,2024-04-10,-1,-1
smcfb.01.183,2024-04-11,-1,-1
smcfb.01.183,2024-04-12,-1,-1
smcfb.01.183,2024-04-13,-1,-1
smcfb.01.183,2024-04-14,-1,-1
smcfb.01.183,2024-04-15,-1,-1
smcfb.01.183,2024-04-16,-1,-1
smcfb.01.183,2024-04-17,-1,-1
smcfb.01.183,2024-04-18,-1,-1
smcfb.01.183,2024-04-19,-1,-1
smcfb.01.183,2024-04-20,-1,-1
smcfb.01.183,2024-04-21,-1,-1
smcfb.01.183,2024-04-22,-1,-1
smcfb.01.183,2024-04-23,-1,-1
smcfb.01.183,2024-04-24,-1,-1
smcfb.01.183,2024-04-25,-1,-1
smcfb.01.183,2024-04-26,-1,-1
smcfb.01.183,2024-04-27,-1,-1
smcfb.01.183,2024-04-28,-1,-1
smcfb.01.183,2024-04-29,-1,-1
smcfb.01.183,2024-04-30,-1,-1
